"variable","value"
"(Intercept)","-1.54036786459499"
"(Intercept)","0"
"B1","0"
"B2","0"
"B3","0"
"B4","0.00117119477301772"
"B5","0"
"B7","-0.0030854912941618"
"B1.2","-4.36065881871715e-07"
"B2.2","-8.30805109273579e-21"
"B3.2","-6.72442656520745e-21"
"B4.2","-1.0176175171131e-07"
"B5.2","0"
"B7.2","-3.73669174230729e-20"
"site_no66810000","-0.0332766189748879"
"site_no66845000","0.877332762687963"
"site_no66855000","0.742698208122381"
"site_no66870000","1.11840443856222"
"B2.B1","1.20037711129813"
"B3.B1","0"
"B4.B1","-0.485842929128909"
"B5.B1","0"
"B7.B1","0"
"B3.B2","0"
"B4.B2","0"
"B5.B2","1.54054113172013"
"B7.B2","0"
"B4.B3","0"
"B5.B3","0.164151230362159"
"B7.B3","1.86696246206753"
"B5.B4","0"
"B7.B4","-4.41071672293419"
"B7.B5","2.76000664781501"
