"variable","value"
"(Intercept)","-1.17770897977002"
"B1","0"
"B2","0"
"B3","0.00181410575602824"
"B4","5.06791041895427e-06"
"B5","0"
"B1.2","1.42192741267804e-07"
"B2.2","0"
"B3.2","-6.11924598060372e-07"
"B4.2","2.05650757027456e-11"
"B5.2","-9.71285007107596e-07"
"B2.B1","0.357469199167536"
"B3.B1","0"
"B4.B1","-0.487948733083277"
"B5.B1","0.346271569333812"
"B3.B2","0.942487627895587"
"B4.B2","1.04031058810809"
"B5.B2","1.8993678851511"
"B4.B3","0"
"B5.B3","-2.02115841020763"
"B5.B4","0"
