"variable","value"
"(Intercept)","2.83505425946093"
"B1","0"
"B2","0"
"B3","0"
"B4","0"
"B5","0"
"B7","0"
"B1.2","-4.95349974103539e-07"
"B2.2","-2.1596477362179e-19"
"B3.2","0"
"B4.2","0"
"B5.2","0"
"B7.2","0"
"B2.B1","0"
"B3.B1","0"
"B4.B1","0.349886911961991"
"B5.B1","0"
"B7.B1","0"
"B3.B2","-2.53610238953538"
"B4.B2","0.2961150499239"
"B5.B2","0"
"B7.B2","0"
"B4.B3","0.740724081858673"
"B5.B3","0"
"B7.B3","0"
"B5.B4","-0.6165990383226"
"B7.B4","0"
"B7.B5","1.88980681918439"
