"variable","value"
"(Intercept)","0.451783245267448"
"B1","0"
"B2","0"
"B3","0.000357909650040758"
"B4","0.00011520291599471"
"B5","0"
"B7","0.00244434535178317"
"B1.2","0"
"B2.2","0"
"B3.2","0"
"B4.2","0"
"B5.2","0"
"B7.2","0"
"B2.B1","0"
"B3.B1","0.128806495915847"
"B4.B1","0.256982231851054"
"B5.B1","0"
"B7.B1","0"
"B3.B2","0"
"B4.B2","0"
"B5.B2","0"
"B7.B2","0"
"B4.B3","0"
"B5.B3","0"
"B7.B3","0"
"B5.B4","0"
"B7.B4","0"
"B7.B5","0"
