"variable","value"
"(Intercept)","2.43094547675192"
"B1","0"
"B2","0"
"B3","0"
"B4","0"
"B5","0"
"B7","0"
"B1.2","0"
"B2.2","0"
"B3.2","0"
"B4.2","5.82214555386341e-08"
"B5.2","0"
"B7.2","0"
"B2.B1","0"
"B3.B1","0"
"B4.B1","0"
"B5.B1","0"
"B7.B1","0"
"B3.B2","0.0827634281727749"
"B4.B2","0.09361366999199"
"B5.B2","0"
"B7.B2","0"
"B4.B3","0"
"B5.B3","0"
"B7.B3","0"
"B5.B4","-0.531255349344203"
"B7.B4","-0.231894740368419"
"B7.B5","0"
