"variable","value"
"(Intercept)","-0.120806959884619"
"B1","0"
"B2","5.03218695920908e-05"
"B3","0.000309652542068268"
"B4","0.000415320751515421"
"B5","0"
"B1.2","-1.46991719240396e-07"
"B2.2","0"
"B3.2","-1.05999555514086e-07"
"B4.2","0"
"B5.2","-1.5803285483864e-07"
"B2.B1","0.160948707690954"
"B3.B1","0"
"B4.B1","0"
"B5.B1","0.0367844552537053"
"B3.B2","0.994786431065209"
"B4.B2","0"
"B5.B2","0"
"B4.B3","0"
"B5.B3","0"
"B5.B4","0.0746955118763901"
