"variable","value"
"(Intercept)","0.426089243881022"
"B1","0"
"B2","0"
"B3","0.000380368335673972"
"B4","0"
"B5","0"
"B1.2","-2.228488061087e-07"
"B2.2","0"
"B3.2","0"
"B4.2","9.91238442120089e-08"
"B5.2","4.41424484328295e-08"
"B2.B1","0"
"B3.B1","0"
"B4.B1","0.0601751772468799"
"B5.B1","0"
"B3.B2","0.564602192090904"
"B4.B2","0"
"B5.B2","-0.193239901634426"
"B4.B3","0.170223254718756"
"B5.B3","-0.644368636078633"
"B5.B4","0.755057982885437"
