"variable","value"
"(Intercept)","0.784770353283258"
"B1","0"
"B2","0"
"B3","0"
"B4","0"
"B5","0"
"B1.2","0"
"B2.2","0"
"B3.2","0"
"B4.2","1.19130454920711e-07"
"B5.2","0"
"B2.B1","0"
"B3.B1","0.298437406141626"
"B4.B1","0"
"B5.B1","0"
"B3.B2","0.305095694829536"
"B4.B2","0"
"B5.B2","0"
"B4.B3","0"
"B5.B3","-0.0693794583173198"
"B5.B4","-0.451413618180765"
