"variable","value"
"(Intercept)","-0.209638531561203"
"(Intercept)","0"
"B1","0"
"B2","0"
"B3","0.000742120761568977"
"B4","0"
"B5","0"
"B7","0"
"B1.2","0"
"B2.2","0"
"B3.2","0"
"B4.2","0"
"B5.2","0"
"B7.2","0"
"site_no66855000","0.694039772068535"
"site_no66870000","0.844710347912484"
"B2.B1","0.621135340548729"
"B3.B1","0"
"B4.B1","0"
"B5.B1","0.462087698061637"
"B7.B1","0"
"B3.B2","0"
"B4.B2","0"
"B5.B2","0"
"B7.B2","0"
"B4.B3","0"
"B5.B3","0"
"B7.B3","0"
"B5.B4","0"
"B7.B4","-0.365773984042743"
"B7.B5","-0.142501742981592"
