"variable","value"
"(Intercept)","-0.0522165526012646"
"B1","-1.09488416071579e-05"
"B2","0"
"B3","0.00104048784961565"
"B4","0.000497613343831671"
"B5","0"
"B1.2","0"
"B2.2","-6.79780191622425e-07"
"B3.2","0"
"B4.2","0"
"B5.2","-2.92751037634452e-07"
"B2.B1","0.193013148208734"
"B3.B1","0"
"B4.B1","0"
"B5.B1","0"
"B3.B2","0.515180307000587"
"B4.B2","0"
"B5.B2","0"
"B4.B3","0"
"B5.B3","0"
"B5.B4","0.30807136293858"
