"variable","value"
"(Intercept)","0.567096850638602"
"B1","0"
"B2","0.000179016240631411"
"B3","0"
"B4","0"
"B5","0.00193313319416534"
"B7","0"
"B1.2","0"
"B2.2","0"
"B3.2","0"
"B4.2","0"
"B5.2","0"
"B7.2","0"
"B2.B1","0.311995673031763"
"B3.B1","0.174224604621764"
"B4.B1","0.0556373343760684"
"B5.B1","0"
"B7.B1","0"
"B3.B2","0"
"B4.B2","0"
"B5.B2","0"
"B7.B2","0"
"B4.B3","0"
"B5.B3","0"
"B7.B3","0"
"B5.B4","0"
"B7.B4","0"
"B7.B5","0"
