"variable","value"
"(Intercept)","0.71090731725651"
"B1","0"
"B2","0"
"B3","0"
"B4","0"
"B5","0"
"B1.2","0"
"B2.2","0"
"B3.2","1.83916128533625e-07"
"B4.2","0"
"B5.2","0"
"B2.B1","0.501453122684928"
"B3.B1","0"
"B4.B1","0"
"B5.B1","0"
"B3.B2","0"
"B4.B2","0"
"B5.B2","0"
"B4.B3","0"
"B5.B3","-0.0715956007912605"
"B5.B4","-0.163728852004551"
