"variable","value"
"(Intercept)","0.819228820615895"
"(Intercept)","0"
"B1","0"
"B2","0.000217179238174861"
"B3","0"
"B4","0.000355010553356421"
"B5","0.000415259730651383"
"B7","0"
"B1.2","0"
"B2.2","0"
"B3.2","0"
"B4.2","0"
"B5.2","0"
"B7.2","0"
"site_no66810000","-0.429567110039518"
"site_no66845000","0.143465096232517"
"site_no66855000","0"
"site_no66870000","0.36978477338196"
"B2.B1","0.54750848983652"
"B3.B1","0"
"B4.B1","0"
"B5.B1","0"
"B7.B1","0"
"B3.B2","0"
"B4.B2","0"
"B5.B2","0"
"B7.B2","0"
"B4.B3","0"
"B5.B3","0"
"B7.B3","0"
"B5.B4","0"
"B7.B4","0"
"B7.B5","-0.192367480781691"
