"variable","value"
"(Intercept)","2.59243730644947"
"B1","0"
"B2","0.000374099840031132"
"B3","0"
"B4","0"
"B5","0"
"B1.2","0"
"B2.2","0"
"B3.2","4.34524830779594e-08"
"B4.2","0"
"B5.2","0"
"B2.B1","0"
"B3.B1","0"
"B4.B1","0"
"B5.B1","-0.0316874161705037"
"B3.B2","0"
"B4.B2","0"
"B5.B2","-0.472124583678006"
"B4.B3","0"
"B5.B3","0"
"B5.B4","-0.347983748577015"
