"variable","value"
"(Intercept)","-0.253632661953177"
"B1","0"
"B2","0.000212278177729755"
"B3","0"
"B4","0"
"B5","0.00113202379303767"
"B7","0.00287779725276462"
"B1.2","0"
"B2.2","0"
"B3.2","0"
"B4.2","0"
"B5.2","0"
"B7.2","0"
"B2.B1","0.906806657331749"
"B3.B1","0"
"B4.B1","0.0805908278160961"
"B5.B1","0"
"B7.B1","0"
"B3.B2","0"
"B4.B2","0"
"B5.B2","0"
"B7.B2","0"
"B4.B3","0"
"B5.B3","0"
"B7.B3","-0.550243264733998"
"B5.B4","0"
"B7.B4","0"
"B7.B5","0"
